{
  "users": [
    {
      "id": "1",
      "email": "rehman.owais163@gmail.com",
      "phoneNumber": "07829765803",
      "firstName": "Owais Ur",
      "lastName": "Rehman",
      "username": "RehmanO",
      "password": "Owais@78690",
      "dateOfBirth": "2002-04-17",
      "gender": "male"
    },
    {
      "id": "60fd",
      "email": "himanshu@gmail.com",
      "phoneNumber": "7829765803",
      "firstName": "Himanshu",
      "lastName": "Pandey",
      "username": "Hpandey",
      "password": "Hpandey@78690",
      "dateOfBirth": "2024-05-05",
      "gender": "male"
    }
  ],
  "posts": [
    {
      "id": "5115",
      "text": "Hey this is the first post. Do you think all the functionality works properly?",
      "userId": "1",
      "username": "RehmanO",
      "image": "sunset.jpg",
      "likes": 94
    },
    {
      "id": "e1b2",
      "text": "This is the second post How would you rate this app.",
      "username": "Owais",
      "image": "logo.png",
      "likes": 4
    },
    {
      "id": "07fa",
      "text": "Create",
      "username": "Owais",
      "image": "logo512.png",
      "likes": 1
    },
    {
      "id": "2542",
      "text": "hi",
      "username": "Hpandey",
      "image": "OIP.jpg",
      "likes": null
    }
  ],
  "comments": [
    {
      "id": "b602",
      "postId": "5115",
      "comment": "hey"
    },
    {
      "id": "d92b",
      "postId": "5115",
      "comment": "er"
    },
    {
      "id": "b58d",
      "postId": "2542",
      "comment": "hi"
    }
  ]
}