{
  "credentials": [
    {
      "id": "12fb",
      "username": "owaiz",
      "password": "Owais@78690"
    },
    {
      "id": "7107",
      "username": "Owais",
      "password": "Owais@78690"
    },
    {
      "id": "a5f7",
      "username": "Aadesh",
      "password": "Aadesh@78690"
    },
    {
      "id": "63fe",
      "username": "Taslim",
      "password": "Taslim@78690"
    }
  ],
  "cart_item": [],
  "currentUser": [
    {
      "id": "7107",
      "username": "Owais",
      "password": "Owais@78690"
    }
  ],
  "products": [
    {
      "name": "chair",
      "image": "chair.jpg",
      "price": "1000",
      "id": "c276"
    },
    {
      "name": "Keyboard",
      "image": "keyboard.jpg",
      "price": "350",
      "id": "aba9"
    },
    {
      "name": "mouse",
      "image": "mouse.jpeg",
      "price": "250",
      "id": "fd87"
    },
    {
      "name": "Water bottle",
      "image": "bottle.jpg",
      "price": "350",
      "id": "eb96"
    },
    {
      "name": "mug",
      "image": "mug.jpg",
      "price": "270",
      "id": "b50b"
    },
    {
      "name": "Eggs",
      "image": "eggs.jpg",
      "price": "10",
      "id": "3b46"
    },
    {
      "name": "Bread",
      "image": "Bread.jpg",
      "price": "60",
      "id": "7257"
    },
    {
      "name": "Milk",
      "image": "milk.png",
      "price": "80",
      "id": "8002"
    },
    {
      "name": "Paneer",
      "image": "paneer.jpg",
      "price": "140",
      "id": "0e4a"
    }
  ],
  "personaldetails": [
    {
      "id": "0469",
      "firstName": "Owais",
      "lastName": "Ur Rehman",
      "email": "owais@gmail.com",
      "dob": "2024-05-21",
      "gender": "male",
      "city": "Banglore",
      "state": "Karnataka",
      "permanentAddress": "jhb",
      "deliveryAddress": "dsdf",
      "pincode": "560046",
      "subscribe": "yes"
    },
    {
      "id": "4496",
      "firstName": "owais",
      "lastName": "rehman",
      "email": "owais@gmail.com",
      "dob": "2024-05-15",
      "gender": "male",
      "city": "Banglore",
      "state": "Karnataka",
      "permanentAddress": "jhb",
      "deliveryAddress": "sdws",
      "pincode": "56046",
      "subscribe": "yes"
    },
    {
      "id": "111e",
      "firstName": "owais",
      "lastName": "rehman",
      "email": "owais@gmail.com",
      "dob": "2024-05-08",
      "gender": "male",
      "city": "Banglore",
      "state": "Karnataka",
      "permanentAddress": "jhb",
      "deliveryAddress": "jhb",
      "pincode": "56046",
      "subscribe": "no"
    }
  ]
}